record_id,question_unique_id,question_hin,question_eng,subject,chapter,option1_hin,option1_eng,option2_hin,option2_eng,option3_hin,option3_eng,option4_hin,option4_eng,option5_hin,option5_eng,answer,solution_hin,solution_eng,collection,previous_of,video,type,airtable_table_name,exam,action,current_status,sync_code,error_report,error_description,created_date,section,year,date
rec5bgMVpxQWgKozD,2,"एक बेईमान दुकानदार ऑर्डर किए गए उत्पाद के 1 kg के बदले केवल 800 ग्राम ही देता है। यदि वह 35% लाभ पाने का दावा करता है, तो उसके द्वारा अर्जित लाभ का मूल प्रतिशत कितना है?",,Mathematics,,50.45%,,40%,,68.75% ,,55%,,,,C,,,GDCE South Central Railway,GDCE  10 Jul 2024 Shift-1,,,offline_test_2,OFFLINE TEST,,UPDATED,3,,,20 July 2024 4:42pm,,,
rec7jfVydFDEy4npg,3,परिमाण में 28 cm व्यास वाले वृत्त का क्षेत्रफल उस आयत के परिमाप के बराबर है जिसकी लम्बाई उसकी चौड़ाई से 8 cm अधिक है। आयत का क्षेत्रफल ज्ञात कीजिए।,,Mathematics,,27300 cm²,,21500 cm²,,234500 cm²,,23700 cm²,,,,D,,,GDCE South Central Railway,GDCE  10 Jul 2024 Shift-1,,,offline_test_2,OFFLINE TEST,,UPDATED,3,,,20 July 2024 4:42pm,,,
recQy9DkVdxXop6Du,4,"यदि 9 वर्षों के लिए साधारण ब्याज मूलधन के 45% के बराबर हो, तो प्रति वर्ष ब्याज की दर किसके बराबर होगी?",,Mathematics,,8% ,,5%,,6%,,9%,,,,B,,,GDCE South Central Railway,GDCE  10 Jul 2024 Shift-1,,,offline_test_2,OFFLINE TEST,,UPDATED,3,,,20 July 2024 4:42pm,,,
rec4FD5ZRDWPNvtsp,5,"<p>यदि y = x<sup>2</sup> है, तो x = 10 पर dy/dx ज्ञात कीजिए।</p>",,Mathematics,,1,,<p>10 × 10<sup>10</sup></p>,,10,,<p>2 × 10<sup>10</sup></p>,,,,D,,,GDCE South Central Railway,GDCE  10 Jul 2024 Shift-1,,,offline_test_2,OFFLINE TEST,,UPDATED,3,,,20 July 2024 4:42pm,,,
receDLGjaBFBAJNrT,6,"चार मित्र A, B, C और D आपस में धन बांट रहे हैं, यदि 2160 को 2:3:4:3 के अनुपात में विभाजित किया जाए तो उनकी राशि कितनी होगी?",,Mathematics,,"540, 360, 120, 780",,"840, 710, 360, 450",,"720, 540, 360, 520",,"360, 540, 720, 540 ",,,,D,,,GDCE South Central Railway,GDCE  10 Jul 2024 Shift-1,,,offline_test_2,OFFLINE TEST,,UPDATED,3,,,20 July 2024 4:42pm,,,
reccF4BhQki8DW8kp,7,"यदि\(x-{1\over x}=1\)है, तो निम्न दिए का मान ज्ञात कीजिए\(x^8+{1\over x^8}=?\)",,Mathematics,,-1,,3,,47 ,,123,,,,C,,,GDCE South Central Railway,GDCE  10 Jul 2024 Shift-1,,,offline_test_2,OFFLINE TEST,,UPDATED,3,,,20 July 2024 4:42pm,,,
rec9BEiyxChhrF8W3,8,100 और 1000 के बीच 3 के सभी गुणजों का औसत ज्ञात कीजिए।,,Mathematics,,550.5 ,,555,,562.5,,545,,,,A,,,GDCE South Central Railway,GDCE  10 Jul 2024 Shift-1,,,offline_test_2,OFFLINE TEST,,UPDATED,3,,,20 July 2024 4:42pm,,,
recgOTMwMuXJXV8gd,9,"सोमवार, मंगलवार और बुधवार को औसत तापमान 39°C है। मंगलवार, बुधवार और गुरुवार को औसत तापमान 44°C है। यदि सोमवार और गुरुवार को औसत तापमान 19.5°C है. तो",,Mathematics,,21°C,,27°C,,17°C,,12°C ,,,,D,,,GDCE South Central Railway,GDCE  10 Jul 2024 Shift-1,,,offline_test_2,OFFLINE TEST,,UPDATED,3,,,20 July 2024 4:42pm,,,
recNOJdqLtMY2mozQ,10,"यदि xy = a है, a स्थिरांक है, तो dy/dx ज्ञात कीजिए।",,Mathematics,,'-x/(y lnx),,y/(x lnx),,(-x lnx)/y,,'-y/(x Inx) ,,,,D,,,GDCE South Central Railway,GDCE  10 Jul 2024 Shift-1,,,offline_test_2,OFFLINE TEST,,UPDATED,3,,,20 July 2024 4:42pm,,,
recbY3SAix5XdGEnV,11,"एक परीक्षा में, उत्तीर्ण अंक अधिकतम अंकों का 47.5% है, एक छात्र पुलकित 45 अंकों से अनुत्तीर्ण हो गया, और एक अन्य छात्र तुषार ने 232 अंक प्राप्त किए और 42 अंकों से परीक्षा उत्तीर्ण की। पुलकित को मिले अधिकतम अंक कितने प्रतिशत थे?",,Mathematics,,37.5%,,36.25% ,,35.5%,,32.25%,,,,B,,,GDCE South Central Railway,GDCE  10 Jul 2024 Shift-1,,,offline_test_2,OFFLINE TEST,,UPDATED,3,,,20 July 2024 4:42pm,,,
recMErm7Ez3D055j5,12,कौन सी सरल मशीन में एक पहिया होता है जिसमें एक नालीदार रिम होता है जिसके चारों ओर एक डोरी गुजरती है जो बल के अनुप्रयोग की दिशा या बिंदु को परिवर्तित करती है?,,Mathematics,,पेंच,,उत्तोलक,,आनत समतल,,घिरनी ,,,,D,,,GDCE South Central Railway,GDCE  10 Jul 2024 Shift-1,,,offline_test_2,OFFLINE TEST,,UPDATED,3,,,20 July 2024 4:42pm,,,
recahqXO6JpSj97yz,13,निम्नलिखित में से गति के किस समीकरण का उपयोग एकसमान त्वरण से गुजरने वाली वस्तु के अंतिम वेग को ज्ञात करने के लिए किया जा सकता है?,,Mathematics,,v = u + 2as,,v = u + at,,<p>v<sup>2 </sup>=&nbsp;u<sup>2 </sup>+ 2as</p>,,s = ut+ (1/2)at²,,,,B,,,GDCE South Central Railway,GDCE  10 Jul 2024 Shift-1,,,offline_test_2,OFFLINE TEST,,UPDATED,3,,,20 July 2024 4:42pm,,,
recuyJxdpmfczSriW,14,"<p>x + y + z = 2 तथा xy + yz + zx = -11 है, तो x<sup>2</sup> + y<sup>2</sup> + z<sup>2</sup>-3xyz मान ज्ञात कीजिए।</p>",,Mathematics,,74 ,,71,,69,,78,,,,A,,,GDCE South Central Railway,GDCE  10 Jul 2024 Shift-1,,,offline_test_2,OFFLINE TEST,,UPDATED,3,,,20 July 2024 4:42pm,,,
recnlDAKZglc0i5ia,15,"एक त्रिभुज की एक भुजा 7 cm है और त्रिभुज का परिमाप 18 cm है। त्रिभुज का क्षेत्रफल √108 cm² है, तो त्रिभुज की अन्य 2 भुजाएं ज्ञात कीजिए।",,Mathematics,,"4.5, 5.5",,"2,9",,"5,6",,"3,8 ",,,,D,,,GDCE South Central Railway,GDCE  10 Jul 2024 Shift-1,,,offline_test_2,OFFLINE TEST,,UPDATED,3,,,20 July 2024 4:42pm,,,
rec4pUOlebBIcdeR7,16,"<p>मूल्यांकन कीजिए -</p>
<p>[15+15(15+15÷15)]+15÷15</p>",,Mathematics,,240,,225,,217,,256 ,,,,D,,,GDCE South Central Railway,GDCE  10 Jul 2024 Shift-1,,,offline_test_2,OFFLINE TEST,,UPDATED,3,,,20 July 2024 4:42pm,,,
recxHEAs887dr5HHy,17,एक आभूषण में सोने और चांदी का अनुपात 9:7 आभूषण में सोने का प्रतिशत कितना है?,,Mathematics,,56.25% ,,51.8%,,40.9%,,48.79%,,,,A,,,GDCE South Central Railway,GDCE  10 Jul 2024 Shift-1,,,offline_test_2,OFFLINE TEST,,UPDATED,3,,,20 July 2024 4:42pm,,,
recPgwLuvHqt2RNWe,18,9 × 16÷6 of 16-9÷3 ×(10-16)+14-7×5÷8 of 3/8 का सरलीकृत मान,,Mathematics,,\(9{4\over9}\),,\(9{5\over6}\),,\(9{5\over11}\),,\(9{5\over7}\),,,,B,,,GDCE South Central Railway,GDCE  10 Jul 2024 Shift-1,,,offline_test_2,OFFLINE TEST,,UPDATED,3,,,20 July 2024 4:42pm,,,
recGppO8f82eb0jp0,19,परमाणु के किस भाग में प्रोटॉन और न्यूट्रॉन होते हैं?,,Mathematics,,संयोजकता कोश,,एकाकी इलेक्ट्रॉन युग्म,,नाभिक ,,इलेक्ट्रॉन क्लाउड,,,,C,,,GDCE South Central Railway,GDCE  10 Jul 2024 Shift-1,,,offline_test_2,OFFLINE TEST,,UPDATED,3,,,20 July 2024 4:42pm,,,
recC817nE8QYj2Tr1,20,731 और 1075 का H.C.F. कितना है?,,Mathematics,,43 ,,1,,19,,37,,,,A,,,GDCE South Central Railway,GDCE  10 Jul 2024 Shift-1,,,offline_test_2,OFFLINE TEST,,UPDATED,3,,,20 July 2024 4:42pm,,,
recgA3t2V5KpJVCfd,21,"<p>दो समीकरण क्रमांक। और ॥ दिए गए हैं। दोनों समीकरणों को हल कीजिए और उचित उत्तर को चिह्नित कीजिए।</p>
<p>I. 3x<sup>2</sup>-&nbsp;6x + 55 = 0</p>
<p>II. 2y<sup>2&nbsp;</sup>+ 7y - 39 = 0</p>",,Mathematics,,x < y,,x≤y,,x>y,,x≥y,,,,C,,,GDCE South Central Railway,GDCE  10 Jul 2024 Shift-1,,,offline_test_2,OFFLINE TEST,,UPDATED,3,,,20 July 2024 4:42pm,,,
recpVSyulGUtwBYYa,22,"एक दुकानदार तीन थोक दुकानों से समान अंकित मूल्य और क्रमशः 25%, 10% और 20% छूट वाली शर्टों खरीदता है। खरीदी गई शर्तों की संख्या का अनुपात 4: 
 6 : 5 है, तो कुल खरीद पर उसे कितनी प्रभावी छूट मिली?",,Mathematics,,\(15{1\over3}\%\),,\(16{2\over3}\%\),,\(16{1\over3}\%\),,\(14{2\over3}\%\),,,,C,,,GDCE South Central Railway,GDCE  10 Jul 2024 Shift-1,,,offline_test_2,OFFLINE TEST,,UPDATED,3,,,20 July 2024 4:42pm,,,
rec5fFJNP7Qc7OwBF,23,"<p>यदि 16x<sup>2</sup>+ y<sup>2</sup>= 48 और xy = 2.x.y&gt;0 है, (64x<sup>3</sup> + y<sup>3</sup>) का मान ज्ञात कीजिए।</p>",,Mathematics,,240,,320 ,,340,,300,,,,B,,,GDCE South Central Railway,GDCE  10 Jul 2024 Shift-1,,,offline_test_2,OFFLINE TEST,,UPDATED,3,,,20 July 2024 4:42pm,,,
recQnocv5283RthGX,24,"एक स्कूल में लड़कियों की संख्या, कुल संख्या का 55% है। यदि स्कूल में सभी लड़कियों द्वारा प्राप्त औसत अंक 63.5 हैं और स्कूल के औसत अंक (लड़के और लडकियों को मिलाकर) 50 हैं। लड़कों द्वारा प्राप्त औसत अंक ज्ञात कीजिए। ",,Mathematics,,46,,32.5,,33.5 ,,35.5,,,,C,,,GDCE South Central Railway,GDCE  10 Jul 2024 Shift-1,,,offline_test_2,OFFLINE TEST,,UPDATED,3,,,20 July 2024 4:42pm,,,
rec1PvcnlFoVzkrCh,25,"न्यूटन के गति के दूसरे नियम के अनुसार किसी वस्तु के बल, त्वरण और द्रव्यमान के बीच क्या संबंध है?",,Mathematics,,बल = द्रव्यमान × त्वरण ,,बल = द्रव्यमान / त्वरण,,बल = त्वरण / द्रव्यमान,,बल = द्रव्यमान + त्वरण,,,,A,,,GDCE South Central Railway,GDCE  10 Jul 2024 Shift-1,,,offline_test_2,OFFLINE TEST,,UPDATED,3,,,20 July 2024 4:42pm,,,
recaJDb4ermO0vJXq,26,जब किसी संख्या n+3 को 6 से विभाजित किया जाता है तो शेषफल 5 बचता है। यदि 4n को 8 से विभाजित किया जाए तो शेष कितना होगा?,,Mathematics,,0,,5,,1,,2,,,,A,,,GDCE South Central Railway,GDCE  10 Jul 2024 Shift-1,,,offline_test_2,OFFLINE TEST,,UPDATED,3,,,20 July 2024 4:42pm,,,
recatUXk4A40geZXa,27,"12% वार्षिक ब्याज दर पर 3 वर्ष और 6 महीने में 5,040 रुपये का साधारण ब्याज अर्जित करने के लिए कितनी धनराशि का निवेश किया जाना चाहिए?",,Mathematics,,"15,000 रुपये",,"11,000 रुपये",,"12,000 रुपये ",,"9,000 रुपये",,,,C,,,GDCE South Central Railway,GDCE  10 Jul 2024 Shift-1,,,offline_test_2,OFFLINE TEST,,UPDATED,3,,,20 July 2024 4:42pm,,,
reczINMCO35gbaVS6,28,"3 : 2, 4 : 7 और 49 : 52 का मिश्रित अनुपात ज्ञात कीजिए।",,Mathematics,,21 : 13,,7 : 13,,14 : 13,,21 : 26,,,,D,,,GDCE South Central Railway,GDCE  10 Jul 2024 Shift-1,,,offline_test_2,OFFLINE TEST,,UPDATED,3,,,20 July 2024 4:42pm,,,
recYH6sHOqNCzDY7W,29,"1 kg नमक के पैकेट का अधिकतम खुदरा मूल्य 33 रुपये तय किया गया है ताकि दुकानदार को 50%, लाभ मिले। दुकानदार इसे 27.5 रुपये में बेचता है, लेकिन प्रत्येक पैकेट से 250 g निकालता है। उसका प्रभावी लाभ (%) कितना है?",,Mathematics,,\(76{2\over3}\%\),,\(50{2\over3}\%\),,\(46{1\over3}\%\),,\(66{2\over3}\%\),,,,D,,,GDCE South Central Railway,GDCE  10 Jul 2024 Shift-1,,,offline_test_2,OFFLINE TEST,,UPDATED,3,,,20 July 2024 4:42pm,,,
recClvHdEr8ejg1DJ,30,"<p>त्रिज्या 4 cm और 4√3 cm तथा केंद्र A और B वाले दो वृत्त एक दूसरे को बिंदु C और D पर स्पर्श करते हैं। A और B के बीच की दूरी 8 cm है। बड़े वृत्त में जीवा CD द्वारा बनाए गए खंड का क्षेत्रफल कितना है? (cm² में)</p>
<p><img src=""https://image2.bigbooster.in/a4edddc4-1f7a-4e1c-b916-c213b1367718.png"" alt="""" width=""252"" height=""188""></p>",,Mathematics,,4π-8√3,,12π-4√3,,8π-12√3,,12π-8√3,,,,C,,,GDCE South Central Railway,GDCE  10 Jul 2024 Shift-1,,,offline_test_2,OFFLINE TEST,,UPDATED,3,,,20 July 2024 4:42pm,,,
rec4OhrDIokTU5Ep0,31,"एक बैग में 4 लाल, 5 पीली और 6 गुलाबी गेंदें हैं। दो गेंदें यादृच्छिक रूप से निकाली जाती हैं। यह प्रायिकता कितनी है कि कोई भी गेंद पीली न निकले?",,Mathematics,,2/7,,3/7 ,,5/14,,1/7,,,,B,,,GDCE South Central Railway,GDCE  10 Jul 2024 Shift-1,,,offline_test_2,OFFLINE TEST,,UPDATED,3,,,20 July 2024 4:42pm,,,
recnWs0fFCEdJp3hy,32,आरोही क्रम में निम्नलिखित में से कौन सा संबंध सही है? ⅰ) 3/5 < 2/7 <7/16 <4/5 <1/8 (ii) 1/8 <2/7 < 3/5 < 4/5 <7/16 (iii) 1/8 <2/7 <7/16 < 3/5 <4/5 (iv) 1/8 <2/7 <3/5 <4/5 <7/16,,Mathematics,,(iv),,(i),,(iii) ,,(ii),,,,C,,,GDCE South Central Railway,GDCE  10 Jul 2024 Shift-1,,,offline_test_2,OFFLINE TEST,,UPDATED,3,,,20 July 2024 4:42pm,,,
recTsqUweuLqtTnCk,33,"लड़के की वर्तमान आयु उसके पिता की आयु की 2/5 है। 6 वर्ष पहले, लड़के की आयु उसकी माँ की आयु से आधी थी। यदि उसकी माता की वर्तमान आयु 34 वर्ष है, तो उसके पिता की वर्तमान आयु ज्ञात कीजिए।",,Mathematics,,55 वर्ष,,60 वर्ष,,50 वर्ष ,,45 वर्ष,,,,C,,,GDCE South Central Railway,GDCE  10 Jul 2024 Shift-1,,,offline_test_2,OFFLINE TEST,,UPDATED,3,,,20 July 2024 4:42pm,,,
recoKduHjEPNbq6aP,34,"<p>नीचे दी गई आकृति में ABC एक त्रिभुज है। बाह्य कोणों के लिए दो कोण समद्विभाजक खींचे गए जो D पर मिलते हैं। यदि ∠BDC/ ∠BAC = 4 है, तो ∠BAC का मान कितना है?</p>
<p><img src=""https://image2.bigbooster.in/3052ed6d-e693-47d9-a537-986d089ecb11.png"" alt="""" width=""260"" height=""167""></p>",,Mathematics,,10º,,30°,,40°,,20º,,,,D,,,GDCE South Central Railway,GDCE  10 Jul 2024 Shift-1,,,offline_test_2,OFFLINE TEST,,UPDATED,3,,,20 July 2024 4:42pm,,,
recy3HN5E4AjoIcWV,35,"एक त्रिभुज में, ABC, D और E क्रमशः भुजाओं AB और AC पर दो बिंदु हैं, इसलिए DE || BC और AD/BD = 4/5 है। △ABC के क्षेत्रफल और समलम्ब चतुर्भुज DECB के क्षेत्रफल का अनुपात ज्ञात कीजिए।",,Mathematics,,40 : 49,,49 : 23,,81 : 65 ,,65 : 49,,,,C,,,GDCE South Central Railway,GDCE  10 Jul 2024 Shift-1,,,offline_test_2,OFFLINE TEST,,UPDATED,3,,,20 July 2024 4:42pm,,,
recwgbTWU3vhHrTTJ,36,"<p>मान ज्ञात कीजिए:</p>
<p>\(tan({π\over4}+A)×tan({3π\over 4}+A)\)</p>",,Mathematics,,-1,,1,,0,,CotA/2,,,,A,,,GDCE South Central Railway,GDCE  10 Jul 2024 Shift-1,,,offline_test_2,OFFLINE TEST,,UPDATED,3,,,20 July 2024 4:42pm,,,
recsaBH9FDRSgPx84,37,"<p>यदि {√x + (1/√x)} = 3 है, तो {x<sup>3</sup> + (1/x<sup>3</sup>)} -162 का मान ज्ञात कीजिए।</p>",,Mathematics,,154,,160 ,,133,,172,,,,B,,,GDCE South Central Railway,GDCE  10 Jul 2024 Shift-1,,,offline_test_2,OFFLINE TEST,,UPDATED,3,,,20 July 2024 4:42pm,,,
recqLYVv06K9jglKD,38,10 लोगों के एक समूह का औसत वजन 63 kg है। यदि इस समूह के 2 व्यक्तियों के स्थान पर 30 kg वजन वाला 1 व्यक्ति रख दिया जाए तो नए समूह का औसत 3 kg कम हो जाता है। समूह छोड़ने वाले व्यक्तियों का संयुक्त भार ज्ञात कीजिए।,,Mathematics,,120 ,,115,,110,,105,,,,A,,,GDCE South Central Railway,GDCE  10 Jul 2024 Shift-1,,,offline_test_2,OFFLINE TEST,,UPDATED,3,,,20 July 2024 4:42pm,,,
reccFn8FfUg4Db3Eo,39,6 पुरुषों और 3 महिलाओं के समूह में से 2 पुरुषों और 2 महिलाओं की टीम चुनने की प्रायिकता कितनी है?,,Mathematics,,4/9,,5/7,,81/126,,5/14 ,,,,D,,,GDCE South Central Railway,GDCE  10 Jul 2024 Shift-1,,,offline_test_2,OFFLINE TEST,,UPDATED,3,,,20 July 2024 4:42pm,,,
recuk0Zy02ODXpDUv,40,"यदि a : b = 4 : 5 है, तो (2a+3b) : (3a + 2b) किसके बराबर है?",,Mathematics,,10 : 9,,23 : 22 ,,6 : 7,,22 : 23,,,,B,,,GDCE South Central Railway,GDCE  10 Jul 2024 Shift-1,,,offline_test_2,OFFLINE TEST,,UPDATED,3,,,20 July 2024 4:42pm,,,
recbsYiH7fUAOYRGb,41,"कितने वर्षों में 6000 रुपये पर 5% प्रति वर्ष की ब्याज दर से अर्जित साधारण ब्याज, 30 वर्षों में 2000 रुपये पर 4% प्रति वर्ष की दर से अर्जित साधारण ब्याज के बराबर होगा?",,Mathematics,,20 वर्ष,,6 वर्ष,,8 वर्ष ,,12 वर्ष,,,,C,,,GDCE South Central Railway,GDCE  10 Jul 2024 Shift-1,,,offline_test_2,OFFLINE TEST,,UPDATED,3,,,20 July 2024 4:42pm,,,
recdPGX2FGzl3eoem,42,"यदि एक ठोस बेलन का वक्र पृष्ठीय क्षेत्रफल उसके कुल पृष्ठीय क्षेत्रफल का एक-तिहाई है, तो उसके व्यास और उसकी ऊंचाई का अनुपात ज्ञात कीजिए।",,Mathematics,,1 : 1,,5 : 2,,4 : 1,,2 : 1,,,,C,,,GDCE South Central Railway,GDCE  10 Jul 2024 Shift-1,,,offline_test_2,OFFLINE TEST,,UPDATED,3,,,20 July 2024 4:42pm,,,
reccZ02pYl2bDfP2d,43,"यदि किसी वस्तु का द्रव्यमान 2 kg है तथा त्वरण 3 m/s^2 है, तो वस्तु पर लगने वाला बल क्या है?",,Mathematics,,5N,,9N,,6N,,2N,,,,C,,,GDCE South Central Railway,GDCE  10 Jul 2024 Shift-1,,,offline_test_2,OFFLINE TEST,,UPDATED,3,,,20 July 2024 4:42pm,,,
recFp2GainEGEM85p,44,\(lim_{x-0}x^2+x\:cosec\:x=?\),,Mathematics,,1,,∞,,0.1,,0,,,,D,,,GDCE South Central Railway,GDCE  10 Jul 2024 Shift-1,,,offline_test_2,OFFLINE TEST,,UPDATED,3,,,20 July 2024 4:42pm,,,
recNt4TyXI21R6LKG,45,"भारतीय टीम के 11 खिलाड़ियों का औसत वजन 2 kg बढ़ जाता है, जब 57 kg वजन वाले टीम के एक खिलाड़ी को एक नए खिलाड़ी से बदल दिया जाता है। नए खिलाड़ी का वजन कितना है?",,Mathematics,,61 kg,,73 kg,,79 kg ,,67 kg,,,,C,,,GDCE South Central Railway,GDCE  10 Jul 2024 Shift-1,,,offline_test_2,OFFLINE TEST,,UPDATED,3,,,20 July 2024 4:42pm,,,
recgbIaP7UVbgoWvl,46,"11 खिलाड़ियों की एक क्रिकेट टीम में 2 विकेटकीपर और एक कप्तान हैं। यदि दो खिलाड़ियों को यादृच्छिक रूप से चुना जाता है, तो प्रायिकता ज्ञात कीजिए कि उनमें से एक कप्तान है और दूसरा विकेटकीपर है।",,Mathematics,,1/55,,3/110,,2/55 ,,2/45,,,,C,,,GDCE South Central Railway,GDCE  10 Jul 2024 Shift-1,,,offline_test_2,OFFLINE TEST,,UPDATED,3,,,20 July 2024 4:42pm,,,
recOKQ8pXGBgd2qtE,47,"<p>यदि&nbsp;\(x^4+{1\over x^4}=727,x&gt;1,\)है, तो निम्न दिए का मान ज्ञात कीजिए।&nbsp;\((x-{1\over x})=?\)</p>",,Mathematics,,6,,5,,-6,,-5,,,,B,,,GDCE South Central Railway,GDCE  10 Jul 2024 Shift-1,,,offline_test_2,OFFLINE TEST,,UPDATED,3,,,20 July 2024 4:42pm,,,
recCVFk2BSWha5GH7,48,"यदि \((2x-{3\over x})=2\) है, तो निम्न x का मान ज्ञात कीजिए।",,Mathematics,,180,,220,,184 ,,328,,,,C,,,GDCE South Central Railway,GDCE  10 Jul 2024 Shift-1,,,offline_test_2,OFFLINE TEST,,UPDATED,3,,,20 July 2024 4:42pm,,,
recOh0bwdm3y2AqcQ,49,"एक शहर की पुरुष जनसंख्या का प्रतिशत 56% है। शहर की कुल महिलाओं में से 20% की आयु 60 वर्ष से अधिक है, जबकि शहर की कुल पुरुष जनसंख्या में से 75% की आयु 60 वर्ष से कम या उसके बराबर है। 60 या उससे कम आयु के लोगों का कुल प्रतिशत कितना है?",,Mathematics,,78.6,,76.4,,79.8,,77.2 ,,,,D,,,GDCE South Central Railway,GDCE  10 Jul 2024 Shift-1,,,offline_test_2,OFFLINE TEST,,UPDATED,3,,,20 July 2024 4:42pm,,,
rectYw91WE7dlEWLg,50,दो वस्तुओं A और B के अंकित मूल्य का अनुपात 5: 4 है। उन्हें क्रमशः 12% और 10% की छूट पर इस प्रकार बेचा गया कि दोनों वस्तुओं का कुल विक्रय मूल्य 16000 रुपये है। B का अंकित मूल्य (रुपये में) ज्ञात कीजिए।,,Mathematics,,8800,,10000,,8000 ,,7200,,,,C,,,GDCE South Central Railway,GDCE  10 Jul 2024 Shift-1,,,offline_test_2,OFFLINE TEST,,UPDATED,3,,,20 July 2024 4:42pm,,,
recDbROtgNfpwgFSL,51,निम्नलिखित में से कौन सा करणी संख्याओं को उनके मान के बढ़ते क्रम में व्यवस्थित करना सही है?,,Mathematics,,"<p>150<sup>1/24</sup>, 14<sup>1/12</sup>, 6<sup>1/8</sup>, 2<sup>1/3</sup></p>",,"<p>6<sup>1/8</sup> 14<sup>1/12</sup>, 150<sup>1/24 </sup>,2<sup>1/3</sup></p>",,"<p>2<sup>1/3</sup>, 150<sup>1/24</sup>, 14<sup>1/12</sup>, 6<sup>1/8</sup></p>",,"<p>2<sup>1/3</sup>, 150<sup>1/24</sup>, 14<sup>1/12</sup>, 6<sup>1/8</sup></p>",,,,A,,,GDCE South Central Railway,GDCE  10 Jul 2024 Shift-1,,,offline_test_2,OFFLINE TEST,,UPDATED,3,,,20 July 2024 4:42pm,,,
recIL4wSsngM0Tot1,52,मान ज्ञात कीजिए \([(Sec2θ+1){\sqrt {Sec^2θ-1}}]×{1\over 2}(cotθ-tanθ)\),,Mathematics,,Cosecθ,,1,,Secθ,,0,,,,B,,,GDCE South Central Railway,GDCE  10 Jul 2024 Shift-1,,,offline_test_2,OFFLINE TEST,,UPDATED,3,,,20 July 2024 4:42pm,,,
recBw3nlkERSaqXBX,53,"<p>दो समीकरण क्रमांक। और ॥ दिए गए हैं। दोनों समीकरणों को हल कीजिए और उचित उत्तर को चिह्नित कीजिए।</p>
<p>1. 3x<sup>2</sup>-47x+184 = 0</p>
<p>II. 4y<sup>2</sup>-55y + 189 = 0</p>",,Mathematics,,x≥y,,x<y,,x≤ y,,x > y,,,,D,,,GDCE South Central Railway,GDCE  10 Jul 2024 Shift-1,,,offline_test_2,OFFLINE TEST,,UPDATED,3,,,20 July 2024 4:42pm,,,
recPgwvXDM6vgsIX4,54,एक दुकानदार बहुमूल्य धातु का एक घन बेचता है। उसका मानना है कि वह 62% लाभ पर बेचेगा। लेकिन वह बेचने से पहले बेईमानी से घन के किनारे को 10% तक कम कर देता है। उसका कमाया जाने वाला मूल लाभ (%) कितना है?,,Mathematics,,\(128{2\over 9}\%\),,\(126{4\over 9}\%\),,\(117{4\over 9}\%\),,\(122{2\over 9}\%\),,,,D,,,GDCE South Central Railway,GDCE  10 Jul 2024 Shift-1,,,offline_test_2,OFFLINE TEST,,UPDATED,3,,,20 July 2024 4:42pm,,,
recJFoxwdl3UykD9l,55,"राम का वेतन 25% बढ़ जाता है। उसका व्यय 7:11 के अनुपात में बढ़ता है। यदि उसके वेतन में केवल व्यय और बचत शामिल है, तथा उसकी वर्तमान बचत, वेतन वृद्धि से पूर्व की बचत से 10% अधिक है, तो वेतन वृद्धि से पूर्व के वेतन के प्रतिशत के रूप में उसका व्यय ज्ञात कीजिए।",,Mathematics,,31.81% ,,33.33%,,32.44%,,निर्धारित नहीं किया जा सकता,,,,A,,,GDCE South Central Railway,GDCE  10 Jul 2024 Shift-1,,,offline_test_2,OFFLINE TEST,,UPDATED,3,,,20 July 2024 4:42pm,,,
recSNewQeySG00N3t,56,<p>2<sup>8 </sup>× 7<sup>5</sup> × 14 के गुणनखंडों की संख्या ज्ञात कीजिए।</p>,,Mathematics,,70,,14,,35,,15,,,,A,,,GDCE South Central Railway,GDCE  10 Jul 2024 Shift-1,,,offline_test_2,OFFLINE TEST,,UPDATED,3,,,20 July 2024 4:42pm,,,
recIW8vMxqyFmpS2b,57,"<p>निम्नलिखित प्रश्न में दो कथन। और ॥ दिए गए हैं। दोनों समीकरणों को हल कीजिए और तदनुसार अपना उत्तर अंकित कीजिए।</p>
<p>I. x<sup>2</sup> + 16x + 64 = 0</p>
<p>II. y<sup>2</sup>&nbsp;- 16y + 64 = 0</p>",,Mathematics,,x > y,,x≥y,,x < y,,x ≤ y,,,,C,,,GDCE South Central Railway,GDCE  10 Jul 2024 Shift-1,,,offline_test_2,OFFLINE TEST,,UPDATED,3,,,20 July 2024 4:42pm,,,
recskD6GJgE0Yd0l9,58,cos (90° - B) sin (C-A) + sin (90° + A) cos (B+C) - sin (90°-C) cos (A + B) का मान कितना है?,,Mathematics,,cos (B + C - A),,1,,sin (A + B - C),,0,,,,D,,,GDCE South Central Railway,GDCE  10 Jul 2024 Shift-1,,,offline_test_2,OFFLINE TEST,,UPDATED,3,,,20 July 2024 4:42pm,,,
recjWl8cXDDY848rY,59,"<p>यदि&nbsp;\(x+y={41\over x}+{1\over y}={16\over 15}\)है, तो (x<sup>3</sup> + y<sup>3</sup>) का मान ज्ञात कीजिए।</p>",,Mathematics,,16,,18,,19,,21,,,,C,,,GDCE South Central Railway,GDCE  10 Jul 2024 Shift-1,,,offline_test_2,OFFLINE TEST,,UPDATED,3,,,20 July 2024 4:42pm,,,
recbU8nPD8maLDIov,60,52 पत्तों वाली ताश की गड्डी में से दो पत्ते निकाले जाते हैं। ईंट का इक्का या हुकुम की रानी निकलने की प्रायिकता कितनी है?,,Mathematics,,1/18,,1/23,,1/26 ,,1/13,,,,C,,,GDCE South Central Railway,GDCE  10 Jul 2024 Shift-1,,,offline_test_2,OFFLINE TEST,,UPDATED,3,,,20 July 2024 4:42pm,,,
recILX1aUm3qfURpU,61,"4,840 रुपये पर 10 वर्षों के लिए 6% प्रति वर्ष की दर से साधारण ब्याज कितना है?",,Mathematics,,"3,540 रुपये",,"6,840 रुपये",,"2,904 रुपये ",,"8,462 रुपये",,,,C,,,GDCE South Central Railway,GDCE  10 Jul 2024 Shift-1,,,offline_test_2,OFFLINE TEST,,UPDATED,3,,,20 July 2024 4:42pm,,,
recNPbvB4rFL83VzY,62,"जैसे ही सूर्य का उन्नयन कोण 30° से 60° तक बढ़ता है, एक इमारत की छाया की लंबाई 20 मीटर कम हो जाती है। इमारत की ऊंचाई ज्ञात कीजिए।",,Mathematics,,34.64 m,,17.32 m ,,35 m,,18 m,,,,B,,,GDCE South Central Railway,GDCE  10 Jul 2024 Shift-1,,,offline_test_2,OFFLINE TEST,,UPDATED,3,,,20 July 2024 4:42pm,,,
rect3eefzLCLL18jO,63,"<p>नीचे दी गई आकृति में, केंद्र o वाले एक वृत्त में समान लंबाई की दो जीवाएं AB और AC हैं। यदि ∠OBA = 15° है, तो ∠ADC का माप कितना है?</p>
<p><img src=""https://image2.bigbooster.in/6f69c9d9-a8c7-48d2-8269-ef981c8933d7.png"" alt="""" width=""230"" height=""222""></p>",,Mathematics,,75° ,,60º,,90º,,45°,,,,A,,,GDCE South Central Railway,GDCE  10 Jul 2024 Shift-1,,,offline_test_2,OFFLINE TEST,,UPDATED,3,,,20 July 2024 4:42pm,,,
recHCYEYanLPJCAtZ,64,"A, B और C का वेतन 1:6:9 के अनुपात में है। B और C का वेतन मिलाकर 7200 रुपये है। B का वेतन C से कितना कम है?",,Mathematics,,560 रुपये,,6400 रुपये,,1440 रुपये ,,640 रुपये,,,,C,,,GDCE South Central Railway,GDCE  10 Jul 2024 Shift-1,,,offline_test_2,OFFLINE TEST,,UPDATED,3,,,20 July 2024 4:42pm,,,
recF4ZitJtt62SE6Q,65,"31 दिसंबर 2011 को A अपने मित्र B से 2,000 रुपए इस शर्त पर उधार लेता है कि वह एक वर्ष बाद उसे 8% प्रति वर्ष की दर से साधारण ब्याज सहित लौटा देगा। हालाँकि, A 1 जुलाई 2012 को उधार वापस करने की स्थिति में आ जाता है। उसे B को कितनी राशि वापस करनी है?",,Mathematics,,"2,200 रुपये",,"2,070 रुपये",,"2,088 रुपये",,"2,080 रुपये ",,,,D,,,GDCE South Central Railway,GDCE  10 Jul 2024 Shift-1,,,offline_test_2,OFFLINE TEST,,UPDATED,3,,,20 July 2024 4:42pm,,,
rec4ZjDMkU1JRxgo2,66,"एक घनाभ की लंबाई, चौड़ाई और ऊंचाई का अनुपात 7 : 4 : 6 है। घनाभ की ऊंचाई घन के किनारे का 75% है। बताए गए घनाभ और घन के आयतन का अनुपात कितना है?",,Mathematics,,21 : 64 ,,27 : 70,,34 : 57,,32 : 69,,,,A,,,GDCE South Central Railway,GDCE  10 Jul 2024 Shift-1,,,offline_test_2,OFFLINE TEST,,UPDATED,3,,,20 July 2024 4:42pm,,,
recc8DVbE6M15NxkD,67,न्यूटन के गति के नियमों के अनुसार बल की परिभाषा क्या है?,,Mathematics,,किसी वस्तु की चाल,,किसी वस्तु पर लगने वाला धक्का या खिंचाव ,,किसी वस्तु का रंग,,किसी वस्तु का द्रव्यमान,,,,B,,,GDCE South Central Railway,GDCE  10 Jul 2024 Shift-1,,,offline_test_2,OFFLINE TEST,,UPDATED,3,,,20 July 2024 4:42pm,,,
recKmnJKJOzauH6IO,68,"<p>नीचे दी गई आकृति में, ABCD एक आयत है, AE, A से BD पर खींचा गया लंब है। F, BD का मध्यबिंदु है। यदि AB और AD की लंबाई क्रमशः 4 cm और 3 cm के बराबर है, तो EF की लंबाई (cm में) कितनी है?</p>
<p><img src=""https://image2.bigbooster.in/3e00d6f5-f444-4d7a-b571-4810286f0122.png"" alt="""" width=""265"" height=""179""></p>",,Mathematics,,0.7,,0.8,,1,,0.6,,,,A,,,GDCE South Central Railway,GDCE  10 Jul 2024 Shift-1,,,offline_test_2,OFFLINE TEST,,UPDATED,3,,,20 July 2024 4:42pm,,,
recEoiYtCzBN2BShH,69,"<p>निम्नलिखित अवकल समीकरण के बारे में निम्नलिखित में से कौन सा कथन सही है?</p>
<p>d<sup>5</sup>y/dx<sup>5</sup> + sin (y<sup>2</sup>) = 0</p>",,Mathematics,,"घात = 2, कोटि = 5",,"घात = परिभाषित नहीं, कोटि=5 ",,"घात = 5, कोटि = परिभाषित नहीं",,"घात = 5, कोटि = 2",,,,B,,,GDCE South Central Railway,GDCE  10 Jul 2024 Shift-1,,,offline_test_2,OFFLINE TEST,,UPDATED,3,,,20 July 2024 4:42pm,,,
rec5zznNaKVXgQxL8,70,"एक थैले में तीन प्रकार के सिक्के हैं 1 रुपया, 50 पैसे और 25 पैसे। 50 पैसे के सिक्कों की संख्या 25 पैसे के सिक्कों की संख्या से दोगुनी है और 1 रुपये के सिक्कों की संख्या 50 पैसे के सिक्कों की संख्या से दोगुनी है। यदि बैग में कुल राशि 262.5 रुपये है, तो सिक्कों की कुल संख्या ज्ञात कीजिए।",,Mathematics,,300,,400,,350 ,,400,,,,C,,,GDCE South Central Railway,GDCE  10 Jul 2024 Shift-1,,,offline_test_2,OFFLINE TEST,,UPDATED,3,,4,20 July 2024 4:42pm,,,
recTDoptMm5Imqbx7,71,"यदि कोई संख्या 418X367, 9 से पूर्णतः विभाज्य है, तो X के स्थान पर सबसे छोटी पूर्ण संख्या कौन सी होगी?",,Mathematics,,4,,7,,1,,2,,,,B,,,GDCE South Central Railway,GDCE  10 Jul 2024 Shift-1,,,offline_test_2,OFFLINE TEST,,UPDATED,3,,,20 July 2024 4:42pm,,,
recABpNo31FxOrjuc,72,"<p>नीचे दी गई आकृति में दो बिंदुओं A और B से 5 cm त्रिज्या और केंद्र O वाले एक वृत्त पर स्पर्श रेखाएं खींची गई हैं जो वृत्त को क्रमशः C और D पर मिलती हैं। दिया गया है कि AC/BD = 1/2 और OA/OB = √61/13, तो स्पर्शरेखा AC की लंबाई कितनी है?</p>
<p><img src=""https://image2.bigbooster.in/66626e0c-9853-4782-b5dd-eb78327b9a07.png"" alt="""" width=""236"" height=""171""></p>",,Mathematics,,6,,5,,8,,4,,,,A,,,GDCE South Central Railway,GDCE  10 Jul 2024 Shift-1,,,offline_test_2,OFFLINE TEST,,UPDATED,3,,,20 July 2024 4:42pm,,,
rec60hxh5Hzk5MxIz,73,"एक बैग में 1 रुपया, 10 पैसे और 5 पैसे के सिक्के हैं। यदि इन सिक्कों का क्रमशः अनुपात 3:5:14 है और कुल रकम 420 रुपये है, तो तो 10 पैसे के सिक्कों की संख्या कितनी है?",,Mathematics,,500,,300,,400,,250,,,,A,,,GDCE South Central Railway,GDCE  10 Jul 2024 Shift-1,,,offline_test_2,OFFLINE TEST,,UPDATED,3,,,20 July 2024 4:42pm,,,
recki5cb8dq5cOppX,74,ट्रैक पर बिंदु P से एक दीवार के शीर्ष का उन्नयन कोण 30° है। दीवार के पाद की ओर 72 m की दूरी तय करने पर उन्नयन कोण 45° हो जाता है। दीवार की ऊंचाई ज्ञात कीजिए।,,Mathematics,,72(√3+1) m,,36 m,,36(√3 + 1) m,,18(√3+1) m,,,,C,,,GDCE South Central Railway,GDCE  10 Jul 2024 Shift-1,,,offline_test_2,OFFLINE TEST,,UPDATED,3,,,20 July 2024 4:42pm,,,
recsQa4PCxgjNJhbO,75,"न्यूटन के गति के प्रथम नियम के अनुसार, विरामावस्था में कोई वस्तु तब तक स्थिर ही रहेगी जब तक किः",,Mathematics,,उसे धक्का न लगे या खिंचाव न मिले ,,वह गर्म न हो जाए,,वह भारी न हो जाए,,उसका रंग न बदल जाए,,,,A,,,GDCE South Central Railway,GDCE  10 Jul 2024 Shift-1,,,offline_test_2,OFFLINE TEST,,UPDATED,3,,,20 July 2024 4:42pm,,,
recSsIeSUv4NJZxYU,76,"2,60,000 रुपये की धनराशि पर अर्जित 12% ब्याज का उपयोग एक स्कूल में हर वर्ष समान मूल्य की 24 छात्रवृत्तियाँ प्रदान करने के लिए किया जाना है। प्रत्येक छात्रवृत्ति का मान (रुपये में) ज्ञात कीजिए।",,Mathematics,,1150,,1300 ,,1250,,1200,,,,B,,,GDCE South Central Railway,GDCE  10 Jul 2024 Shift-1,,,offline_test_2,OFFLINE TEST,,UPDATED,3,,,20 July 2024 4:42pm,,,
recdiA55r5PQxXABp,77,sin(630° +A) + cosA का मान कितना है?,,Mathematics,,0,,1/2,,√3/2,,2/√3,,,,A,,,GDCE South Central Railway,GDCE  10 Jul 2024 Shift-1,,,offline_test_2,OFFLINE TEST,,UPDATED,3,,,20 July 2024 4:42pm,,,
recnqX5VYXrPLzbCk,78,"<p>नीचे दी गई आकृति में. AB और CD समांतर रेखाएं हैं। त्रिभुज ABC और ABD में. AC: AD = √3: 1, तथा ∠DAB और ∠CAB पूरक कोण हैं। ∠DAC का मान कितना है?</p>
<p><img src=""https://image2.bigbooster.in/6a4a82fc-5e01-4209-bb9d-e26fbfbff44f.png"" alt="""" width=""197"" height=""175""></p>",,Mathematics,,30º,,20º,,35º,,25º,,,,A,,,GDCE South Central Railway,GDCE  10 Jul 2024 Shift-1,,,offline_test_2,OFFLINE TEST,,UPDATED,3,,,20 July 2024 4:42pm,,,
recLwnHOn0canwU5f,79,किसी वस्तु में उपस्थित पदार्थ की मात्रा को कौन सा शब्द संदर्भित करता है?,,Mathematics,,वज़न,,द्रव्यमान ,,घनत्व,,आयतन,,,,B,,,GDCE South Central Railway,GDCE  10 Jul 2024 Shift-1,,,offline_test_2,OFFLINE TEST,,UPDATED,3,,,20 July 2024 4:42pm,,,
recU7EP3bIdtdWeG6,80,संवेग की गणना करने का सूत्र क्या है?,,Mathematics,,जड़त्व ×त्वरण,,बल × समय,,त्वरण × द्रव्यमान,,द्रव्यमान × वेग ,,,,D,,,GDCE South Central Railway,GDCE  10 Jul 2024 Shift-1,,,offline_test_2,OFFLINE TEST,,UPDATED,3,,,20 July 2024 4:42pm,,,
recekEszWFK4VXxwW,81,निम्नलिखित में से कौन सा विकल्प सदिश राशि है?,,Mathematics,,दूरी,,वेग ,,चाल,,समय,,,,B,,,GDCE South Central Railway,GDCE  10 Jul 2024 Shift-1,,,offline_test_2,OFFLINE TEST,,UPDATED,3,,,20 July 2024 4:42pm,,,
recs7kAsJ7SMk73LX,82,"एक निश्चित राशि साधारण ब्याज पर निवेश की गई थी। पांच वर्ष बाद प्राप्त मिश्रधन, तीन वर्ष बाद प्राप्त मिश्रधन से 5/4 गुना अधिक था। ब्याज की प्रतिशत दर कितनी थी?",,Mathematics,,25%,,10%,,20% ,,15%,,,,C,,,GDCE South Central Railway,GDCE  10 Jul 2024 Shift-1,,,offline_test_2,OFFLINE TEST,,UPDATED,3,,,20 July 2024 4:42pm,,,
recHHg37FBf3r3okN,83,"एक निश्चित राशि P, Q और R के बीच वितरित की जाती है। P को 3/8 भाग मिलता है, Q को शेष भाग का 2/5 भाग मिलता है और R को 900 रुपये मिलते हैं। कुल राशि ज्ञात कीजिए।",,Mathematics,,3200,,1600,,2800,,2400 ,,,,D,,,GDCE South Central Railway,GDCE  10 Jul 2024 Shift-1,,,offline_test_2,OFFLINE TEST,,UPDATED,3,,,20 July 2024 4:42pm,,,
recYjCyrynSOEj5qC,84,4 cm त्रिज्या वाले वृत्त के भीतर बने समबाहु त्रिभुज का क्षेत्रफल कितना है?,,Mathematics,,16√3 cm²,,12√3 cm²,,8√3 cm²,,24/3 cm²,,,,B,,,GDCE South Central Railway,GDCE  10 Jul 2024 Shift-1,,,offline_test_2,OFFLINE TEST,,UPDATED,3,,,20 July 2024 4:42pm,,,
rec190EVXiOzJBqtj,85,एक शंकु की ऊंचाई 24 cm है और आधार का क्षेत्रफल 154 cm² है। शंकु का वक्र पृष्ठीय क्षेत्रफल (cm² में) कितना है?,,Mathematics,,515,,484,,550 ,,525,,,,C,,,GDCE South Central Railway,GDCE  10 Jul 2024 Shift-1,,,offline_test_2,OFFLINE TEST,,UPDATED,3,,,20 July 2024 4:42pm,,,
rec6M1hw4HJmhWmx9,86,345 × 620 को 8 से विभाजित करने पर शेषफल ज्ञात कीजिए,,Mathematics,,1,,0,,4,,5,,,,C,,,GDCE South Central Railway,GDCE  10 Jul 2024 Shift-1,,,offline_test_2,OFFLINE TEST,,UPDATED,3,,,20 July 2024 4:42pm,,,
recCJq0Ib7kGJeQwa,87,"यदि (p - q) = 8 है, तो q³ - p³ + 24pq का मान ज्ञात कीजिए।",,Mathematics,,512,,729,,-449,,-512 ,,,,D,,,GDCE South Central Railway,GDCE  10 Jul 2024 Shift-1,,,offline_test_2,OFFLINE TEST,,UPDATED,3,,,20 July 2024 4:42pm,,,
recnjioRVtbXCen23,88,गति का कौन सा नियम कहता है कि प्रत्येक क्रिया के लिए बराबर और विपरीत अभिक्रिया होती है?,,Mathematics,,न्यूटन का प्रथम नियम,,न्यूटन का दूसरा नियम,,ओम नियम,,न्यूटन का तृतीय नियम ,,,,D,,,GDCE South Central Railway,GDCE  10 Jul 2024 Shift-1,,,offline_test_2,OFFLINE TEST,,UPDATED,3,,,20 July 2024 4:42pm,,,
recPi8VzPMkQVrjYk,89,त्वरण की SI इकाई क्या है?,,Mathematics,,न्यूटन,,मीटर प्रति सेकंड वर्ग ,,किलोग्राम,,वाट,,,,B,,,GDCE South Central Railway,GDCE  10 Jul 2024 Shift-1,,,offline_test_2,OFFLINE TEST,,UPDATED,3,,,20 July 2024 4:42pm,,,
rec6htk4QTZv1o4eG,90,"गणित की परीक्षा में एक कक्षा द्वारा प्राप्त औसत अंक 15.4 पाए गए। केवल विद्यार्थियों (लड़कियां) का औसत कक्षा के औसत से 0.6 अधिक पाया गया, जबकि विद्यार्थियों (लड़को) का औसत विद्यार्थियों (लड़कियों) से 1 कम था। कक्षा में लड़कों की संख्या/लड़कियों की संख्या का अनुपात कितना है?",,Mathematics,,3 : 4,,2 : 1,,3 : 2,,1 : 1,,,,C,,,GDCE South Central Railway,GDCE  10 Jul 2024 Shift-1,,,offline_test_2,OFFLINE TEST,,UPDATED,3,,,20 July 2024 4:42pm,,,
recMvLv9iUbxHRdr9,91,"<p>नीचे दी गई आकृति में एक समलम्ब चतुर्भुज ABCD (AB और CD) की समान्तर भुजाओं की लम्बाई क्रमशः 8 cm और 15 +7√3 cm है। यदि ADC और BCD के मान क्रमशः 30° और 45° हैं, तो AM और BN समलम्ब चतुर्भुज की ऊंचाइयां हैं। समलम्ब चतुर्भुज का क्षेत्रफल कितना है? (cm<sup>2</sup> में)</p>
<p><img src=""https://image2.bigbooster.in/7979d185-cdfc-4ac1-b2d3-726a02edd60a.png"" alt="""" width=""319"" height=""122""></p>",,Mathematics,,85+24.5√3,,80.5+25.4√3,,80.5+24.5√3,,85+25.4√3,,,,C,,,GDCE South Central Railway,GDCE  10 Jul 2024 Shift-1,,,offline_test_2,OFFLINE TEST,,UPDATED,3,,,20 July 2024 4:42pm,,,
recsxnK3EDlVxcOJD,92,"जब किसी संख्या X को क्रमिक रूप से 3, 5 और 7 से विभाजित किया जाता है तो शेषफल क्रमशः 2, 3 और 4 बचता है। इस प्रकार की सबसे छोटी संभावित संख्या X के अंकों का योग कितना है?",,Mathematics,,5,,4,,8,,6,,,,C,,,GDCE South Central Railway,GDCE  10 Jul 2024 Shift-1,,,offline_test_2,OFFLINE TEST,,UPDATED,3,,,20 July 2024 4:42pm,,,
recao8ulV7ws8Fd16,93,"<p>यदि&nbsp;\(x-{1\over 2}=5,x≠0,\)&nbsp;है, तो निम्न दिए का मान ज्ञात कीजिए।\({x^6-5x^3-1\over x^6+7x^3-1}=?\)</p>",,Mathematics,,\({49\over 45}\),,\({41\over 45}\),,\({45\over 41}\),,\({45\over 49}\),,,,D,,,GDCE South Central Railway,GDCE  10 Jul 2024 Shift-1,,,offline_test_2,OFFLINE TEST,,UPDATED,3,,,20 July 2024 4:42pm,,,
rec2rz4sGggeAtq4D,94,"यदि 8(x + y)3 - 27(x - y)3  = (5y-x)(Ax² + By² + Cxy) है, तो (A + B - C) का मान ज्ञात कीजिए",,Mathematics,,-16,,26,,-26,,16,,,,B,,,GDCE South Central Railway,GDCE  10 Jul 2024 Shift-1,,,offline_test_2,OFFLINE TEST,,UPDATED,3,,,20 July 2024 4:42pm,,,
rec15kbjY9na23N9l,95,"<p>नीचे दी गई आकृति में, त्रिभुज ABC का क्षेत्रफल 36 cm² है, DE || BC तथा FG || AB है। यह दिया गया है कि AE: EB = 2 : 1 तथा CF : FA = 2 : 1 है, तो छायांकित क्षेत्र का क्षेत्रफल कितना है?</p>
<p><img src=""https://image2.bigbooster.in/e3db93af-54e5-42d1-a7d9-412dd2985e28.png"" alt="""" width=""325"" height=""220""></p>",,Mathematics,,4,,12,,8,,16,,,,B,,,GDCE South Central Railway,GDCE  10 Jul 2024 Shift-1,,,offline_test_2,OFFLINE TEST,,UPDATED,3,,,20 July 2024 4:42pm,,,
recPEgfkmuraOmrJp,96,"एक वृत्त और एक वर्ग है, वृत्त की त्रिज्या 14 cm है और वर्ग की भुजा वृत्त के कुल क्षेत्रफल का 1/77 है। वर्ग का कुल क्षेत्रफल ज्ञात कीजिए।",,Mathematics,,64 cm²,,<p>144 cm<sup>2</sup></p>,,81 cm²,,100 cm²,,,,A,,,GDCE South Central Railway,GDCE  10 Jul 2024 Shift-1,,,offline_test_2,OFFLINE TEST,,UPDATED,3,,,20 July 2024 4:42pm,,,
reckgd8joP0auaqcw,97,राम 4 रुपये में 5 केले की दर से अपनी दुकान के लिए 42 केले खरीदता है। वह 13 रुपये प्रति दर्जन की दर से 3 दर्जन केले बेचता है। शेष केले 5.8 रुपये में बेचे गये। लाभ/हानि प्रतिशत ज्ञात कीजिए।,,Mathematics,,28,,25,,33.33 ,,30,,,,C,,,GDCE South Central Railway,GDCE  10 Jul 2024 Shift-1,,,offline_test_2,OFFLINE TEST,,UPDATED,3,,,20 July 2024 4:42pm,,,
rec6ZRzjnRGu0T2Sq,98,"4 सदस्यों वाले एक परिवार की औसत आयु 24 वर्ष थी। 10 वर्ष बाद परिवार की औसत आयु 28 वर्ष हो गयी। इस अवधि दौरान एक बच्ची का जन्म हुआ। यदि परिवार की औसत आयु अब 30 वर्ष है, तो लड़की की वर्तमान आयु ज्ञात कीजिए।",,Mathematics,,6 वर्ष ,,4.5 वर्ष,,4 वर्ष,,5 वर्ष,,,,A,,,GDCE South Central Railway,GDCE  10 Jul 2024 Shift-1,,,offline_test_2,OFFLINE TEST,,UPDATED,3,,,20 July 2024 4:42pm,,,
recDjsdAVPRjp1BHq,99,दो वस्तुओं A और B के अंकित मूल्य का अनुपात 5:4 है। उन्हें क्रमशः 12% और 10% की छूट पर इस प्रकार बेचा गया कि दोनों वस्तुओं का कुल विक्रय मूल्य 16000 रुपये है। B का अंकित मूल्य (रुपये में) ज्ञात कीजिए।,,Mathematics,,16,,28,,25,,21 ,,,,D,,,GDCE South Central Railway,GDCE  10 Jul 2024 Shift-1,,,offline_test_2,OFFLINE TEST,,UPDATED,3,,,20 July 2024 4:42pm,,,